,image,dark_corner,hair,gel_border,gel_bubble,ruler,ink,patches,vasc,label,label_string
0,ISIC_0000004,0.9989296197891236,0.9286655187606812,0.0588400326669216,0.0095486966893076,0.9786948561668396,0.0001676469692029,0.0020422956440597,0.034614447504282,1,malignant
5,ISIC_0000030,0.9955775737762452,0.0067160837352275,0.0033540436998009,0.0100261131301522,0.0709141790866851,0.0024303167592734,0.000354331365088,0.0102454200387001,1,malignant
6,ISIC_0000031,0.9348277449607848,0.0472706034779548,0.0117071280255913,0.5059006810188293,0.3454002439975738,0.0007235096418298,0.000240736597334,0.3993169069290161,1,malignant
7,ISIC_0000035,0.996140718460083,0.0236577708274126,0.0066676908172667,0.8364284038543701,0.0005511023337021,6.264701369218528e-05,0.0003100828907918,0.002961651654914,1,malignant
8,ISIC_0000036,0.9988842010498048,0.6514017581939697,0.0037017196882516,0.007220275234431,0.9540015459060668,0.0001034851375152,0.002709703054279,0.001400974811986,1,malignant
9,ISIC_0000040,0.9921888709068298,0.0366795919835567,0.0223801080137491,0.0162492059171199,0.001358896610327,0.000113074966066,0.0010296790860593,0.0093581965193152,1,malignant
10,ISIC_0000043,0.983101725578308,0.9876950979232788,0.0177654232829809,0.005571864079684,0.0004818255547434,0.0025159779470413,0.0005447721923701,0.0003258022188674,1,malignant
12,ISIC_0000049,0.0131990648806095,0.1177467182278633,0.0006022781017236,0.0409266762435436,0.0022540350910276,0.0018320372328162,0.000132074492285,0.0154351126402616,1,malignant
14,ISIC_0000056,0.0268957242369651,0.2004217356443405,0.0006814035587012,0.7071642279624939,0.0053135915659368,0.0056954361498355,0.0005487825837917,0.001490457332693,1,malignant
17,ISIC_0000078,0.9469282031059264,0.92790549993515,0.0056683695875108,0.0045645097270607,0.1818160563707351,0.0005966011085547,0.0009336721268482,0.0202971845865249,1,malignant
19,ISIC_0000140,0.9633074998855592,0.956186294555664,0.001269242609851,0.7355785369873047,0.9221729040145874,0.0004667959292419,0.0003217706398572,0.0002963427104987,1,malignant
20,ISIC_0000141,0.0133862579241395,0.3575983345508575,0.0008535654051229,0.9097614288330078,0.0004386843065731,0.0004451966378837,0.0003770991170313,0.0041271280497312,1,malignant
23,ISIC_0000145,0.03768877312541,0.9823248982429504,0.0005255006835795,0.9758068919181824,0.9456910490989684,0.0001785558124538,0.0004152967303525,0.0016585837583988,1,malignant
24,ISIC_0000146,0.9971016049385072,0.9966439008712769,0.0288611035794019,0.933420479297638,0.9283993244171144,0.0016403263434767,0.0006208695704117,0.0768591240048408,1,malignant
25,ISIC_0000147,0.1240020915865898,0.0496800616383552,0.0088587887585163,0.9586438536643982,0.0475694127380847,0.0003955535939894,0.0007807454676367,0.9880760908126832,1,malignant
26,ISIC_0000148,0.0373364984989166,0.9967877864837646,0.0015086675994098,0.9676692485809326,0.0184488911181688,0.0013323462335392,0.0012948993826285,0.0076009752228856,1,malignant
28,ISIC_0000150,0.8431121706962585,0.3971435129642486,0.0024438460823148,0.0706264376640319,0.9624099135398864,0.0204766932874918,0.0002614156692288,0.0010339254513382,1,malignant
31,ISIC_0000153,0.0168344862759113,0.9110978841781616,0.0010489826090633,0.7623028755187988,0.1093488186597824,0.0021839160472154,0.0002918595855589,0.8166294097900391,1,malignant
32,ISIC_0000154,0.8927252292633057,0.0323990434408187,0.0560794509947299,0.021612225100398,0.8873688578605652,0.0166741237044334,0.0008548356126993,0.9930885434150696,1,malignant
33,ISIC_0000155,0.9816579222679138,0.1096607968211174,0.098217099905014,0.9713887572288512,0.9787771701812744,0.0049324799329042,0.0018614813452586,0.0031192749738693,1,malignant
34,ISIC_0000156,0.0230785757303237,0.6647316217422485,0.2125860452651977,0.8815653920173645,0.9197396636009216,0.0121351489797234,0.0016353197861462,0.0021013591904193,1,malignant
37,ISIC_0000160,0.962432622909546,0.952502191066742,0.0012262180680409,0.0540248975157737,0.0648702234029769,0.0010215705260634,0.0001150860989582,0.0242582969367504,1,malignant
39,ISIC_0000162,0.1833851784467697,0.9738208651542664,0.0005188240320421,0.9432443380355836,0.0116125596687197,0.0010517227929085,0.0001626488228794,0.0059272120706737,1,malignant
42,ISIC_0000165,0.0214202515780925,0.225577712059021,0.0023177440743893,0.9360240697860718,0.0008426020503975,0.0028686604928225,0.0003393020597286,0.9829288721084596,1,malignant
48,ISIC_0000172,0.0061323563568294,0.735134482383728,0.0008314555161632,0.8933132886886597,0.0407613404095172,0.0004153811605647,0.0003885212936438,0.0258773192763328,1,malignant
49,ISIC_0000173,0.748215913772583,0.0699785500764846,0.005519404541701,0.0249489061534404,0.026235518977046,0.0014757226454094,0.0004146993451286,0.9215851426124572,1,malignant
51,ISIC_0000176,0.2037373334169387,0.044668510556221,0.0502645522356033,0.1239380165934562,0.8047534227371216,0.0020794253796339,0.0015303735854104,0.0977790355682373,1,malignant
53,ISIC_0000277,0.9916865825653076,0.8773813843727112,0.001891856896691,0.0055062840692698,0.7032718658447266,0.0001570030435686,0.0071527580730617,0.0015003515873104,1,malignant
54,ISIC_0000278,0.0565509609878063,0.0325871482491493,0.0269943121820688,0.0147687960416078,0.094911977648735,0.001437158556655,0.0161156971007585,0.9982362985610962,1,malignant
55,ISIC_0000279,0.0145825175568461,0.0047474815510213,0.0022802404128015,0.0053995214402675,0.9764370918273926,0.0022748347837477,0.0005947728641331,0.7898160815238953,1,malignant
57,ISIC_0000282,0.9872753620147704,0.042505707591772,0.000657299766317,0.0106408353894948,0.9405342936515808,0.0010846006916835,0.0009880994912236,0.0014192605158314,1,malignant
58,ISIC_0000283,0.9991863369941713,0.8596461415290833,0.0002916697412729,0.0101993465796113,0.9905046224594116,8.25195966172032e-05,0.0007833342533558,0.0094890091568231,1,malignant
59,ISIC_0000287,0.9972561001777648,0.0033444038126617,0.0009321307297796,0.0061137257143855,0.9430439472198486,9.640586358727889e-05,0.0014250160893425,5.483725544763729e-05,1,malignant
17024,ISIC_0065480,0.0031878161244094,0.7065770030021667,0.0007655192166566,0.8044621348381042,0.7076973915100098,0.0005139060667715,0.0003417668049223,0.6159476637840271,0,malignant
17025,ISIC_0031427,0.5989634990692139,0.0643844828009605,0.1542361825704574,0.3104836344718933,0.0287051517516374,0.0002272508281748,0.0829880163073539,0.0352461487054824,0,malignant
17026,ISIC_0027290,0.3150044679641723,0.9935065507888794,0.0013708912301808,0.5773910284042358,0.2376424223184585,0.0003063242766074,0.0015530692180618,0.4985423386096954,0,malignant
17027,ISIC_0024723,0.044083122164011,0.990152895450592,0.0026735214050859,0.7379987239837646,0.0018392475321888,0.0002187565114581,0.0001634323998587,0.0980688109993934,0,malignant
17028,ISIC_0066132,0.0089780632406473,0.959720015525818,0.0006812939536757,0.6030095815658569,0.242412269115448,4.89356680191122e-05,0.0001323601172771,0.610316276550293,0,malignant
17030,ISIC_0032997,0.2371536642313003,0.6962072253227234,0.0035381782799959,0.3610734045505523,0.0181936845183372,0.008515914902091,0.0002769184357021,0.0028364250902086,0,malignant
17031,ISIC_0073025,0.9999746680259703,0.542346179485321,0.0014212110545486,0.000680998142343,0.946638822555542,0.0004132245958317,5.687991142622195e-05,0.013854194432497,0,malignant
17032,ISIC_0025719,0.1082785576581955,0.9415661692619324,0.0057057505473494,0.1014541462063789,0.2063836306333542,0.0044409800320863,0.0007790098316036,0.0267408937215805,0,malignant
17033,ISIC_0026499,0.0362624898552894,0.6181015968322754,0.008593707345426,0.3420032560825348,0.0067000957205891,0.0028865868225693,0.0017359689809381,0.0047178105451166,0,malignant
17034,ISIC_0028859,0.1128656640648841,0.1729129999876022,0.0003202405641786,0.0049686087295413,0.3112187683582306,0.0019181685056537,0.001250801840797,0.8559194207191467,0,malignant
17035,ISIC_0028545,0.0559075586497783,0.908606767654419,0.0017052048351615,0.9075223803520204,0.0025716377422213,0.0014853973407298,0.0001389912649756,0.0634387284517288,0,malignant
17036,ISIC_0027770,0.1205971240997314,0.9987304210662842,0.002364297164604,0.3531648218631744,0.0214469674974679,0.0005120005225762,0.0001481861982028,0.2940612733364105,0,malignant
17039,ISIC_0031947,0.0672296583652496,0.2463268488645553,0.0591852441430091,0.0529886931180954,0.0234878603368997,0.0024201755877584,0.0034049933310598,0.0828258320689201,0,malignant
17041,ISIC_0029273,0.1343801617622375,0.9799825549125672,0.0352960973978042,0.2395488917827606,0.1989028602838516,0.0046219960786402,0.0031440344173461,0.1052030101418495,0,malignant
17044,ISIC_0029307,0.0070982407778501,0.0755014270544052,0.0004926495603285,0.2442456781864166,0.0114918043836951,0.0009079392766579,0.0004843045317102,0.6255968809127808,0,malignant
17045,ISIC_0067377,0.9985970854759216,0.9806426763534546,0.0437881126999855,0.0153258768841624,0.963833212852478,0.0144296837970614,0.0081867901608347,0.0208307933062315,0,malignant
17047,ISIC_0025053,0.3488255441188812,0.9982166886329652,0.0193603187799453,0.047347817569971,0.0790450572967529,0.006840456277132,0.0045513059012591,0.0011856108903884,0,malignant
17048,ISIC_0065172,0.9931068420410156,0.702839195728302,0.106921873986721,0.1212280392646789,0.4994460940361023,0.0027767587453126,0.0051277689635753,0.2750886976718902,0,malignant
17050,ISIC_0065810,0.036245621740818,0.9998236298561096,0.0605924353003501,0.0007388240192085,0.0634152293205261,0.0065507311373949,0.0005039077368564,0.0315904393792152,0,malignant
17051,ISIC_0067870,0.0329814590513706,0.9973068833351136,0.0003990073746535,0.3419416844844818,0.0025965827517211,6.621526699746028e-05,0.0001979365915758,0.000186365636182,0,malignant
17053,ISIC_0030543,0.0109280822798609,0.5794078707695007,0.0057173729874193,0.1613808423280716,0.0007067852420732,0.0015802793204784,0.0008591212099418,0.5476285815238953,0,malignant
17054,ISIC_0026098,0.0825810879468917,0.7853178977966309,0.0003076206194236,0.6359917521476746,0.0177025087177753,0.0009342607227154,0.0005822129314765,0.3515055477619171,0,malignant
17055,ISIC_0025203,0.0372972153127193,0.6902877688407898,0.0387731604278087,0.3678364157676697,0.0101146195083856,0.0028520005289465,0.0005462948465719,0.0392736159265041,0,malignant
17057,ISIC_0063391,0.3878695666790008,0.9894546270370485,0.0894295126199722,0.0605423152446746,0.0345922000706195,0.0006764166755601,0.0024498598650097,0.0011610897490754,0,malignant
17058,ISIC_0025180,0.3189138174057007,0.9610307812690736,0.0282863229513168,0.8529577851295471,0.006140898913145,0.0001476934412494,0.0021610676776617,0.0129615422338247,0,malignant
17059,ISIC_0067915,0.9875957369804382,0.958540976047516,0.0165527053177356,0.0032889870926737,0.3547025918960571,0.0009116227156482,0.0007379264570772,0.0007256355020217,0,malignant
17061,ISIC_0072179,0.0059825754724442,0.1314547806978225,0.001019850722514,0.5047921538352966,0.0276189614087343,0.0002481424307916,0.0003655600303318,2.179101647925563e-05,0,malignant
17062,ISIC_0029464,0.815731406211853,0.739249587059021,0.0344673953950405,0.4823625981807709,0.0416383258998394,0.0005021780962124,0.0129802217707037,0.685171902179718,0,malignant
17063,ISIC_0030299,0.1277362704277038,0.5812920928001404,0.0025178301148116,0.2288440763950348,0.4024553596973419,0.0015839150873944,0.0001666603930061,0.1012294664978981,0,malignant
17064,ISIC_0029344,0.001272162888199,0.0328278504312038,0.0020221027079969,0.2315215617418289,0.0749836936593055,0.0010704967426136,0.0012492028763517,0.0183594450354576,0,malignant
17066,ISIC_0024690,0.0875765532255172,0.860262393951416,0.0007836949080228,0.1996911466121673,0.1310034990310669,0.0051940437406301,0.0003137179010082,0.5110144019126892,0,malignant
17069,ISIC_0055564,0.3914011716842651,0.9996911883354188,0.0015255634207278,0.4260611236095428,0.0026741153560578,0.0013127200072631,0.0004210111801512,0.0001277927076444,0,malignant
17070,ISIC_0025012,0.4648393392562866,0.5981357097625732,0.0035185366868972,0.2537320852279663,0.0021162757184356,0.001238627708517,0.0004512588202487,0.118851400911808,0,malignant
17071,ISIC_0025979,0.2077518999576568,0.0046617244370281,0.0918170437216758,0.0084466831758618,0.0759012550115585,0.0009572231792844,0.0055790562182664,0.1530538648366928,0,malignant
17073,ISIC_0055935,8.709220128366724e-05,0.1676572412252426,0.0008086023735813,0.0578121654689312,0.000690322893206,0.0023630817886441,0.0004700717690866,0.0153891276568174,0,malignant
17074,ISIC_0032128,0.2361911386251449,0.753482460975647,0.0032723436597734,0.3820801675319671,0.0696450844407081,0.0009011861402541,0.0013509024865925,0.0309788584709167,0,malignant
17075,ISIC_0030030,0.098721720278263,0.9846273064613342,0.0031563427764922,0.4870579242706299,0.1429271847009658,0.0174129977822303,0.0039411489851772,0.8096197247505188,0,malignant
17077,ISIC_0030130,0.2884274423122406,0.7329053282737732,0.01817462220788,0.8553730845451355,0.0172871239483356,0.0006693776813335,0.0008614561520516,0.0985693484544754,0,malignant
17078,ISIC_0024447,0.1539614349603653,0.9849482178688048,0.0048554213717579,0.0469791144132614,0.2033423632383346,0.0028734260704368,0.0010698579717427,0.0430637598037719,0,malignant
17079,ISIC_0071073,0.3126919269561767,0.973560392856598,0.0095823584124445,0.6693660616874695,0.0255956966429948,7.480061321984977e-05,0.0012950379168614,0.0103826867416501,0,malignant
17081,ISIC_0026330,0.192814290523529,0.9976165294647216,0.0010131302988156,0.2853019833564758,0.1334306001663208,0.0032896376214921,0.0003955259162466,0.9883401989936828,0,malignant
17083,ISIC_0057260,0.0059974147006869,0.9999866485595704,0.0003934665292035,0.9677401781082152,0.0020516444928944,0.0002399380755377,0.0005745906964875,8.920474647311494e-05,0,malignant
17084,ISIC_0058156,0.3121319115161896,0.9989670515060424,0.8641502857208252,0.0347693525254726,0.2066525518894195,0.0008997669792734,0.0013599381782114,0.000395029754145,0,malignant
17086,ISIC_0027396,0.2756164371967315,0.9995495080947876,0.0013348418287932,0.2568046748638153,0.03658002987504,0.0007919276249594,0.0013231292832642,0.0366064831614494,0,malignant
17089,ISIC_0027056,0.018522210419178,0.9584581851959229,0.0010442310012876,0.0230234246701002,0.0033491267822682,0.0006816776003688,0.0004863899084739,0.0065072025172412,0,malignant
17091,ISIC_0034127,0.2748854458332062,0.9847880601882936,0.0019593352917581,0.3814183175563812,0.7759174108505249,0.0026840397622436,0.0003800878184847,0.008440813049674,0,malignant
17093,ISIC_0067176,0.0901555567979812,0.9956544637680054,0.0027177673764526,0.1055161580443382,0.0603668503463268,0.033989381045103,0.0005601809825748,0.4895265996456146,0,malignant
17094,ISIC_0056129,0.9884486198425292,0.999817967414856,0.1091006770730018,0.052357230335474,0.3017567694187164,0.0705724209547042,0.0010368305956944,0.514072060585022,0,malignant
17095,ISIC_0030618,0.2746714353561401,0.9800333380699158,0.0062847649678587,0.4912084341049194,0.0896689295768737,0.0503994338214397,0.0021688938140869,0.9859883189201356,0,malignant
17096,ISIC_0057039,0.1079125478863716,0.9285765886306764,0.0115094240754842,0.6088253259658813,0.1061010286211967,4.749704748974182e-05,0.0005049530300311,0.0004400751786306,0,malignant
17098,ISIC_0028922,0.031135581433773,0.153496503829956,0.0058545623905956,0.3517100214958191,0.0188009664416313,0.0004181492258794,0.0004866859817411,0.961407482624054,0,malignant
17099,ISIC_0025676,0.292717695236206,0.9994983673095704,0.0016242529964074,0.2664345502853393,0.0312743335962295,0.0041798688471317,0.0045589432120323,0.2742138504981994,0,malignant
17102,ISIC_0073245,0.1683322936296463,0.5665760636329651,0.8836427927017212,0.0037043709307909,0.0791203081607818,0.0002518210094422,0.001215505413711,0.0010987264104187,0,malignant
17106,ISIC_0024797,0.0069608213379979,0.9852069616317748,0.0007122160750441,0.2191721349954605,0.0025501484051346,0.0002474916400387,0.0011467274744063,0.0157195534557104,0,malignant
17108,ISIC_0027107,0.2588237822055816,0.9428845047950744,0.0200801901519298,0.1908272504806518,0.4469837546348572,0.0012363449204713,0.0010213881032541,0.0054812924936413,0,malignant
17114,ISIC_0070683,0.0328227989375591,0.9867563843727112,0.0136674428358674,0.9552876949310304,0.0258362051099538,0.0103706149384379,0.0003648214333225,0.1263010948896408,0,malignant
17117,ISIC_0029907,0.0090181436389684,0.9523734450340272,0.0082365619018673,0.3248354792594909,0.0448771268129348,0.0006843374576419,0.0017063912237063,0.002012948738411,0,malignant
17118,ISIC_0060411,0.9742829203605652,0.8969494104385376,0.5819740295410156,0.0038255325052887,0.1116031482815742,0.0514763705432415,0.0004471700522117,0.0024897595867514,0,malignant
17121,ISIC_0072045,0.4970163702964782,0.1730260103940963,0.0244388915598392,0.0210614297538995,0.0063809622079133,0.0027228430844843,0.0004059154889546,0.0121059659868478,0,malignant
17123,ISIC_0025916,0.1786862015724182,0.046130433678627,0.2264809012413025,0.3421289324760437,0.0172753874212503,0.0034495370928198,0.0004813381237909,0.7892343401908875,0,malignant
17127,ISIC_0024416,0.4261850416660309,0.1871172934770584,0.0030624622013419,0.4413106441497803,0.3258898854255676,0.0206294376403093,0.0003350076731294,0.381036102771759,0,malignant
17128,ISIC_0057635,0.4979661107063293,0.7816285490989685,0.0532992407679557,0.6838939189910889,0.011635229922831,0.0027898496482521,0.0028418221045285,0.0162979923188686,0,malignant
17130,ISIC_0068171,0.0012963104527443,0.9996730089187622,0.0009757225052453,0.4281100332736969,0.0162295997142791,0.0002502501884009,0.0001855205628089,0.1438502371311187,0,malignant
17131,ISIC_0028977,0.3298845291137695,0.0545713528990745,0.1075825095176696,0.2851788103580475,0.3702464997768402,0.0003195171884726,0.0056949933059513,0.4501045644283294,0,malignant
17132,ISIC_0068217,0.1306281834840774,0.7039368152618408,0.0375481694936752,0.2927395403385162,0.0284908078610897,0.0003222712257411,0.0025094428565353,0.0011773908045142,0,malignant
17134,ISIC_0071117,0.9863066673278807,0.0106775034219026,0.0041486136615276,0.0054322928190231,0.7162284255027771,0.0010842049960047,0.0015158936148509,0.0092450128868222,0,malignant
17136,ISIC_0029665,0.0157862082123756,0.9908300042152404,8.425387204624712e-05,0.1556699872016906,0.3833571672439575,0.0046807071194052,0.0002244845964014,0.1891337782144546,0,malignant
17137,ISIC_0029798,0.4316417574882507,0.2198860347270965,0.0128155779093503,0.6001995801925659,0.0680234357714653,0.0005469018360599,0.0099852895364165,0.0088027603924274,0,malignant
17139,ISIC_0060260,0.9999995231628418,0.1037015691399574,0.0378631800413131,0.0028837407007813,0.9665570259094238,0.0006646728725172,0.0008050191681832,0.0274336691945791,0,malignant
17140,ISIC_0033332,0.332952618598938,0.6058351397514343,0.0451471246778965,0.5550627112388611,0.0024520931765437,0.0024761748500168,0.0106589961796998,0.0214235037565231,0,malignant
17142,ISIC_0025004,0.0618529692292213,0.9766376614570618,0.0020765606313943,0.0012606339296326,0.0295470412820577,0.0076619144529104,0.0195188876241445,0.0001422998175257,0,malignant
17147,ISIC_0062257,0.3870323896408081,0.0458306558430194,0.0093069924041628,0.3776821494102478,0.0204169377684593,0.000791358645074,0.0009338086820207,0.2862896025180816,0,malignant
17148,ISIC_0069996,0.2145445942878723,0.9933629035949708,0.000142448596307,0.1873231679201126,0.0533634945750236,0.0001815016876207,0.000639671459794,0.0109934378415346,0,malignant
17152,ISIC_0026712,0.0111448345705866,0.2052209675312042,0.0004792632244061,0.0086266277357935,0.019586918875575,0.008722148835659,0.0002152506640413,0.9227043986320496,0,malignant
17153,ISIC_0028439,0.0971389561891555,0.1361596584320068,0.0179273784160614,0.9326225519180298,0.0070993606932461,0.0017923031700775,0.001298617105931,0.006865719333291,0,malignant
17154,ISIC_0024611,0.245540976524353,0.4762483835220337,0.0019212668994441,0.0074090887792408,0.1293102800846099,0.0308185070753097,0.0008941929554566,0.6442675590515137,0,malignant
17157,ISIC_0027668,0.282173752784729,0.9770376682281494,9.984869393520056e-05,0.8994039297103882,0.0132357059046626,4.2118514102185145e-05,0.0008240426541306,0.1455095112323761,0,malignant
17163,ISIC_0066539,0.0005246358923614,0.9855808019638062,0.0216577723622322,0.3533567786216736,0.007916790433228,0.0022062612697482,0.0002190791274188,0.0001687218318693,0,malignant
17167,ISIC_0066810,1.0,0.2069407850503921,0.61772620677948,0.0002499594702385,0.9800978302955629,0.1567464917898178,0.0001557734358357,0.0304521434009075,0,malignant
17171,ISIC_0030455,0.0219362732023,0.9999597668647766,0.0047975750640034,0.9939518570899964,0.0042154733091592,0.0014901950489729,0.0002266931696794,0.0055438000708818,0,malignant
17172,ISIC_0025498,0.0543872974812984,0.6180619597434998,0.033232282847166,0.4160646200180053,0.0087576089426875,0.001906797173433,0.009137799963355,0.1236864626407623,0,malignant
17173,ISIC_0029207,0.2588183879852295,0.2422951161861419,0.0049644629471004,0.1021673008799552,0.123932734131813,0.0168393068015575,0.0004059177299495,0.9393884539604188,0,malignant
17175,ISIC_0031229,0.4666422605514526,0.6184638142585754,0.0019750036299228,0.3061843514442444,0.071022979915142,0.0033228790853172,0.0013771631056442,0.273264616727829,0,malignant
17178,ISIC_0067811,0.0307608861476182,0.9536157846450806,0.0016775457188487,0.2183287590742111,0.0073682339861989,0.000339559133863,0.0001990296441363,0.0622032433748245,0,malignant
17180,ISIC_0033307,0.1023447439074516,0.0181311052292585,0.04819355905056,0.3561641573905945,0.1417732983827591,0.0009151222766377,0.0002606854250188,0.9041132926940918,0,malignant
17181,ISIC_0026926,0.0894510298967361,0.9849212765693665,0.0026863273233175,0.1982635855674743,0.018061313778162,0.0006650671130046,0.0012386621674522,0.1329053044319152,0,malignant
17185,ISIC_0068467,0.4371734857559204,0.8759349584579468,0.0540825985372066,0.0104257892817258,0.1509727835655212,0.004849275574088,0.055044125765562,0.0153110101819038,0,malignant
17186,ISIC_0060124,0.593684196472168,0.9998037219047546,0.0264947693794965,0.0335021652281284,0.10418551415205,0.0002569077187217,0.0074574602767825,0.0164842028170824,0,malignant
17188,ISIC_0026942,0.5066593289375305,0.2118777781724929,0.130405768752098,0.3820634484291076,0.1119179353117942,0.0008817655034363,0.0055732256732881,0.0594997592270374,0,malignant
17191,ISIC_0029040,0.9182385206222534,0.8325532674789429,0.0084260310977697,0.8496802449226379,0.007017167750746,0.0003495528071653,0.0007337265997193,0.6103498339653015,0,malignant
17192,ISIC_0027791,0.2432383894920349,0.9402363300323486,0.0031690448522567,0.2912222146987915,0.0060412869788706,0.000109761233034,0.0006977663724683,0.7946479916572571,0,malignant
17193,ISIC_0067431,0.018610879778862,0.0831866860389709,0.0005445082206279,0.0973817706108093,0.0238335318863391,0.0001895682507893,0.0005537525285035,0.0014218327123671,0,malignant
17194,ISIC_0067195,0.0248789880424737,0.0117234913632273,0.0104660801589488,0.0138067808002233,0.0263199973851442,0.0064775394275784,0.0012616222957149,0.0023566780146211,0,malignant
17199,ISIC_0032646,0.9184698462486268,0.9981330633163452,0.2785451412200928,0.6380108594894409,0.2275962829589843,6.386268796632066e-05,0.0008217183640226,0.6491535902023315,0,malignant
17201,ISIC_0070765,0.0208689346909523,0.9288681745529176,0.0017033118056133,0.7408602237701416,0.0417670905590057,0.0003548330860212,0.0002947079774457,0.0006402493454515,0,malignant
17203,ISIC_0056945,0.1626632064580917,0.977429211139679,0.1568503528833389,0.8395713567733765,0.0136387813836336,0.0039782957173883,0.0001595030043972,0.0049664098769426,0,malignant
17205,ISIC_0055083,0.1424588412046432,0.1033527851104736,0.0032783686183393,0.3063803911209106,0.0029146200977265,0.000428656960139,0.0015690199797973,5.158922067494132e-05,0,malignant
17206,ISIC_0027271,0.0007584731793031,0.7095872759819031,0.0007953180465847,0.7041870355606079,0.0727037787437439,0.0039330958388745,0.0001852506247814,0.0033241617493331,0,malignant
17207,ISIC_0032161,0.0671772509813308,0.9851774573326112,0.0140563063323497,0.0156460888683795,0.0284082703292369,0.0050749313086271,0.0005511110066436,0.2490948289632797,0,malignant
17208,ISIC_0029862,0.0039970520883798,0.7142725586891174,0.0043925899080932,0.2525793612003326,0.0005687503144145,0.0004611257172655,0.0005394082982093,0.0199862495064735,0,malignant
17209,ISIC_0060518,0.596997857093811,0.978117287158966,0.0019484695512801,0.0023532931227236,0.450150191783905,0.0034766911994665,0.0015041220467537,0.0386886522173881,0,malignant
17210,ISIC_0063760,0.8340781331062317,0.998536229133606,0.0108483731746673,0.0777444615960121,0.8921253681182861,0.0148179968819022,0.0015151172410696,0.0001048481062753,0,malignant
17212,ISIC_0063663,0.9971164464950562,0.5733706951141357,0.0100401630625128,0.0055589340627193,0.8685871958732605,0.0073297624476253,0.0035017908085137,0.0003732184995897,0,malignant
17214,ISIC_0028387,0.1320781260728836,0.1839453727006912,0.00075804523658,0.2799912393093109,0.0256859604269266,0.0031472318805754,0.0009698037756606,0.0559458918869495,0,malignant
17216,ISIC_0027409,0.1029494553804397,0.9957846999168396,0.0006121172918938,0.585246205329895,0.1089070588350296,0.0012039527064189,0.0228973980993032,0.6992473006248474,0,malignant
17217,ISIC_0031902,0.0428629070520401,0.8615390658378601,0.0014061380643397,0.3684981167316437,0.0153538808226585,0.0026562232524156,0.0012500882148742,0.0152280116453766,0,malignant
17221,ISIC_0068678,0.991294801235199,0.0677680671215057,0.4550246000289917,0.0086270608007907,0.9914959073066713,0.0026335925795137,0.0007187553565017,0.0314043387770652,0,malignant
17223,ISIC_0026297,0.1237689182162284,0.8575933575630188,0.0730912387371063,0.0262522641569376,0.0366471484303474,0.0015541490865871,0.0001512385933892,0.110761635005474,0,malignant
17225,ISIC_0054050,0.1635377705097198,0.772570788860321,0.0004039712366648,0.7376545667648315,0.0016601965762674,0.0002940654521808,0.0002052122581517,0.0004506479308474,0,malignant
17226,ISIC_0025807,0.0464583113789558,0.1093615740537643,0.0422857329249382,0.3265933692455292,0.264284074306488,0.004894521087408,0.0014014382613822,0.0133564136922359,0,malignant
17228,ISIC_0054022,0.6546443104743958,0.9981523752212524,0.099420927464962,0.0316924378275871,0.8755496740341187,0.0452895872294902,0.001452078577131,0.399094671010971,0,malignant
17231,ISIC_0025311,0.0034341474529355,0.9679930806159972,0.0022831095848232,0.4943207502365112,0.0601707696914672,0.0014907557051628,0.0005031701293773,0.0019492548890411,0,malignant
17235,ISIC_0061752,0.9988529682159424,0.9621704816818236,0.0365411415696144,0.0034418564755469,0.969058394432068,0.08152487128973,0.0023807219695299,0.0031966266687959,0,malignant
17238,ISIC_0028045,0.8522447347640991,0.7921470403671265,0.0020269737578928,0.1249256506562233,0.3950322270393371,0.0056297029368579,0.0006377645768225,0.0275900047272443,0,malignant
17241,ISIC_0027612,0.0551818311214447,0.7240026593208313,0.0205081533640623,0.4130688905715942,0.0209273379296064,0.0022935823071748,0.0004693510418292,0.2213659435510635,0,malignant
17242,ISIC_0061951,0.0018148880917578,0.0855217278003692,0.0005327173857949,0.3317015469074249,0.0004031237622257,0.0007926542893983,0.0008381749503314,3.413845843169838e-05,0,malignant
17243,ISIC_0033558,0.0662029534578323,0.8732646107673645,0.0886710584163665,0.1418066322803497,0.0330715663731098,0.0027006783057004,0.0004928632406517,0.0029529037419706,0,malignant
17248,ISIC_0033359,0.2145683318376541,0.1709765493869781,0.066766507923603,0.3755696415901184,0.0431299209594726,0.0092115346342325,0.0002683027705643,0.2798950374126434,0,malignant
17249,ISIC_0033491,0.4435577392578125,0.0657132342457771,0.0412582792341709,0.1683380454778671,0.2073020935058593,0.0005764558445662,0.0012607980752363,0.0294740702956914,0,malignant
17250,ISIC_0027413,0.7458608746528625,0.9859426617622375,0.011399402283132,0.6677459478378296,0.0446668714284896,0.0012187730753794,0.0104150613769888,0.077746145427227,0,malignant
17251,ISIC_0034227,0.9757543206214904,0.640075147151947,0.0896082669496536,0.1929620802402496,0.019641300663352,0.0045846714638173,0.0059929378330707,0.0257786158472299,0,malignant
17252,ISIC_0031574,0.2189621478319168,0.9261457920074464,0.0480500943958759,0.0211208201944828,0.0060089211910963,0.0139155993238091,0.0006349839968606,0.0524224266409873,0,malignant
17253,ISIC_0024786,0.0952609479427337,0.7261970639228821,0.0004378176236059,0.5050542950630188,0.1092008575797081,0.004077963065356,0.0009863165905699,0.0069088079035282,0,malignant
17257,ISIC_0070900,0.0098075019195675,0.0359380133450031,0.0125273969024419,0.3479333817958832,0.0175100415945053,0.0012304555857554,0.0002372979943174,0.0114088542759418,0,malignant
17258,ISIC_0067311,0.8297011852264404,0.9807207584381104,0.0018961189780384,0.0652230456471443,0.6776307821273804,0.0007084550452418,0.0008944764267653,9.472842066315934e-05,0,malignant
17259,ISIC_0032326,0.0822745338082313,0.991807758808136,0.0005544414743781,0.6544744968414307,0.0662473887205123,0.0002222310868091,0.0017098614480346,0.5969252586364746,0,malignant
17260,ISIC_0029662,0.8484532833099365,0.0050139892846345,0.027351414784789,0.0193500965833663,0.0094755562022328,0.0018022891599684,0.0055466457270085,0.13112273812294,0,malignant
17261,ISIC_0031439,0.0256722569465637,0.2950463593006134,0.0116538787260651,0.952717423439026,0.0051973396912217,0.0002954885421786,0.000148306513438,0.0135598508641123,0,malignant
17262,ISIC_0032256,0.1048531457781791,0.384705126285553,0.0077931494452059,0.2331888079643249,0.0116165820509195,0.0002354205353185,0.0007179150707088,0.0014136037789285,0,malignant
17263,ISIC_0031364,0.0111346030607819,0.9983030557632446,0.0152676487341523,0.6291208863258362,0.0131995053961873,0.0001371976541122,0.001258747302927,0.0001414746220689,0,malignant
17264,ISIC_0025541,0.1067018881440162,0.2285901457071304,0.0008749714470468,0.1124128252267837,0.0778872370719909,0.0005299739423207,0.0007048796978779,0.0004405430809129,0,malignant
17265,ISIC_0030274,0.0856576710939407,0.8716687560081482,0.0299622248858213,0.2524688243865967,0.0046419706195592,0.0001431580167263,0.0010237012756988,0.2423435449600219,0,malignant
17269,ISIC_0068532,0.3878616988658905,0.9989365935325624,0.0001094766339519,0.0085696885362267,0.1598569452762603,0.0001088114004232,0.0012144115753471,2.221028807980474e-05,0,malignant
17270,ISIC_0057778,0.2941007912158966,0.0511752814054489,0.0394753143191337,0.0260138195008039,0.1351299732923507,0.0006278828368522,0.0007532259915024,0.7288386821746826,0,malignant
17271,ISIC_0070339,0.787639319896698,0.9803194403648376,0.0041414368897676,0.2150861918926239,0.291921317577362,0.0006194731104187,0.0003765205619856,0.6736695170402527,0,malignant
17273,ISIC_0026918,0.5373690128326416,0.9885876178741456,0.0012181997299194,0.5684153437614441,0.0059108263812959,0.0002162511082133,0.0055811614729464,0.2749948799610138,0,malignant
17274,ISIC_0069095,0.2426959574222564,0.9773734211921692,0.0062493900768458,0.2233017385005951,0.6266485452651978,0.0027006512973457,0.0004396420845296,0.3365426659584045,0,malignant
17276,ISIC_0055691,0.4885744154453277,0.9347176551818848,0.0024536419659852,0.1978528350591659,0.0461872927844524,0.0029953033663332,0.0010321380104869,0.0006434944807551,0,malignant
17277,ISIC_0064671,0.0674774795770645,0.0737413763999939,0.002333075273782,0.6279882788658142,0.0213462952524423,0.0003072268154937,0.0002720689808484,0.0001254805974895,0,malignant
17278,ISIC_0064854,0.0242289155721664,0.8332325220108032,0.0171236861497163,0.8763269782066345,0.0019722839351743,0.000152980646817,0.0016130056465044,0.0132932867854833,0,malignant
17279,ISIC_0027871,0.0782842338085174,0.967742681503296,0.0202196687459945,0.4394167065620422,0.0023577592801302,0.0001562992692925,0.0009882473386824,0.0173483677208423,0,malignant
17281,ISIC_0027893,0.0187205728143453,0.9999340772628784,0.0003502027248032,0.2499410212039947,0.0263976473361253,0.0045714126899838,0.0002016460639424,0.0162645000964403,0,malignant
17282,ISIC_0027265,0.8102201819419861,0.0540828667581081,0.046271301805973,0.1024687513709068,0.7032244801521301,0.01040920894593,0.000160525276442,0.6463533639907837,0,malignant
17285,ISIC_0033698,0.8359410762786865,0.9938825964927672,0.0174460001289844,0.0250674895942211,0.1139330640435218,0.002336642704904,0.0003118696331512,0.0094777233898639,0,malignant
17287,ISIC_0070245,0.990427792072296,0.9987967610359192,0.0239140465855598,0.1721719205379486,0.9314248561859132,0.0003161027270834,0.001831024303101,0.0120667219161987,0,malignant
17289,ISIC_0029300,0.03976546600461,0.1884388178586959,0.0005759863415732,0.3159210085868835,0.1226201653480529,0.0008997038821689,0.0010758719872683,0.718467652797699,0,malignant
17290,ISIC_0033640,0.3035253286361694,0.5750715136528015,0.0055357087403535,0.349813163280487,0.0059889405965805,0.0001619234826648,0.0006174260633997,0.0011778236366808,0,malignant
17292,ISIC_0029262,0.0831351056694984,0.9545443654060364,0.006153573282063,0.6759812831878662,0.0038830623961985,0.0004237066896166,0.0011630665976554,0.5991463661193848,0,malignant
17293,ISIC_0031370,0.5578270554542542,0.3481212258338928,0.0143578480929136,0.467115044593811,0.0042372727766633,0.0002293006400577,0.0011147214099764,0.1259955167770385,0,malignant
17295,ISIC_0070618,0.9808175563812256,0.999010443687439,0.0276726502925157,0.0420019403100013,0.9838635921478271,4.251352947903797e-05,0.0016314632957801,0.0125956945121288,0,malignant
17296,ISIC_0031588,0.159492552280426,0.7512640953063965,0.0223715528845787,0.4933259189128876,0.0100898072123527,0.0019450244726613,0.0013682545395568,0.0775560215115547,0,malignant
17297,ISIC_0031317,0.8009017705917358,0.9995501041412354,0.0031167201232165,0.027189765125513,0.3350211083889007,0.000581067695748,0.0292398165911436,0.9797425270080566,0,malignant
17298,ISIC_0026338,0.0503557696938514,0.586243748664856,0.0006709418958052,0.7249298095703125,0.005382846109569,0.0001331634848611,0.0005133498343639,0.0811020359396934,0,malignant
17299,ISIC_0062187,0.0569510273635387,0.9475489258766174,0.0008560121059417,0.8099426031112671,0.4935373663902282,0.0001543449034215,0.0008386333938688,0.008787796832621,0,malignant
17300,ISIC_0029467,0.1015177071094513,0.999782919883728,0.0002791490114759,0.0600355491042137,0.0069241900928318,0.0001606803707545,0.0007273375522345,0.2754184305667877,0,malignant
17301,ISIC_0026850,0.1621879041194915,0.0595619492232799,0.0060712159611284,0.1068569347262382,0.0769271254539489,0.0002298564650118,0.0016108603449538,0.1347134709358215,0,malignant
17302,ISIC_0031411,0.0512077249586582,0.0529367700219154,0.0017630794318392,0.4005005359649658,0.012329114601016,0.0038049628492444,0.0007779625593684,0.5494726300239563,0,malignant
17303,ISIC_0030377,0.0061796205118298,0.0294924657791852,0.0826832354068756,0.4784535467624664,0.6032542586326599,0.1429361999034881,0.0001731612719595,0.3383274376392364,0,malignant
17305,ISIC_0025387,0.9393161535263062,0.3085252046585083,0.0066159786656498,0.6197258234024048,0.3247210383415222,0.0028725075535476,0.000320811610436,0.0799779966473579,0,malignant
17306,ISIC_0031481,0.4321039915084839,0.3451570272445678,0.0039717145264148,0.9490795731544496,0.0001156529688159,0.0030360042583197,0.0003030269581358,0.0010376767022535,0,malignant
17309,ISIC_0025821,0.1135128811001777,0.9935041069984436,0.0242332313209772,0.7553357481956482,0.0037246965803205,0.0033880337141454,0.0018076183041557,0.0325777567923069,0,malignant
17310,ISIC_0071831,0.0036112933885306,0.9009169936180116,0.0039814766496419,0.5601155757904053,0.0475232154130935,0.0003320815740153,0.0002168094943044,0.5425504446029663,0,malignant
17313,ISIC_0031825,0.3855886161327362,0.019413536414504,0.083322525024414,0.0748719796538353,0.3370577692985534,0.0011899183737114,0.0035506424028426,0.9842772483825684,0,malignant
17314,ISIC_0032759,0.4632506668567657,0.0558528564870357,0.0452376641333103,0.4339334070682525,0.3617304563522339,0.0005691008991561,0.0018700337968766,0.0444389395415782,0,malignant
17315,ISIC_0031420,0.7541948556900024,0.1466169506311416,0.0072444593533873,0.0791087672114372,0.0267825294286012,0.0020681617315858,0.0329269431531429,0.2876955568790436,0,malignant
17316,ISIC_0027554,0.5758016705513,0.8854307532310486,0.0086419992148876,0.2095673531293869,0.1111285984516143,0.0233728475868701,0.0062471069395542,0.0453156121075153,0,malignant
17318,ISIC_0070291,0.3752453625202179,0.9745163917541504,0.001960901543498,0.4668669402599334,0.0057119084522128,0.0106106782332062,0.0010657146340236,0.0363251008093357,0,malignant
17320,ISIC_0024960,0.0851581171154975,0.9646815657615662,0.0021204233635216,0.098508097231388,0.0056655383668839,0.0011487788287922,0.0016367055941373,0.3612067401409149,0,malignant
17323,ISIC_0072874,0.0608132258057594,0.9999767541885376,0.0015499632572755,0.8512374758720398,0.0372579246759414,0.0021897037513554,0.0001473724696552,0.0006227571866475,0,malignant
17324,ISIC_0032043,0.0770413428544998,0.0635064765810966,0.0057513401843607,0.1521609276533126,0.0690030455589294,0.0020613621454685,0.0002601735468488,0.9565694332122804,0,malignant
17325,ISIC_0031395,0.3845311105251312,0.0437130182981491,0.0434888117015361,0.9520075917243958,0.0860396176576614,0.0003220541693735,0.0003139736363664,0.9072636365890504,0,malignant
17327,ISIC_0024734,0.3760317862033844,0.0741993933916091,0.0025915491860359,0.0605249851942062,0.0052892700769007,0.0001790287351468,0.0005851935129612,0.0016945570241659,0,malignant
17328,ISIC_0024784,0.6229172348976135,0.9307240843772888,0.0089271273463964,0.0004599085368681,0.0324862897396087,0.0031326138414442,0.0065670069307088,0.7309339046478271,0,malignant
17329,ISIC_0029151,0.0142858400940895,0.5906939506530762,0.0240220054984092,0.071746677160263,0.0116515895351767,0.0007944749086163,0.0009504070039838,0.0709458142518997,0,malignant
17332,ISIC_0027193,0.0051121008582413,0.6506085395812988,0.0058947475627064,0.4248511791229248,0.0032451208680868,0.0005388804711401,0.0003654061001725,0.1371114552021026,0,malignant
17333,ISIC_0031251,0.0834914296865463,0.993784725666046,0.0988134741783142,0.02265858463943,0.2170040011405944,0.041161123663187,0.3289211690425873,0.006457426585257,0,malignant
17334,ISIC_0034195,0.0024927344638854,0.9999735355377196,0.0024867313914,0.3607966601848602,0.0051686787046492,0.0004369940725155,0.0004576233332045,0.0005499441758729,0,malignant
17335,ISIC_0025406,0.3210456967353821,0.1474042683839798,0.0261654444038867,0.3553319871425628,0.1895509660243988,0.0012193588772788,0.0020751261617988,0.2585909962654114,0,malignant
17336,ISIC_0032125,0.5287076830863953,0.0167814921587705,0.1382156461477279,0.0074536716565489,0.0356851331889629,0.0013205287978053,0.002356246812269,0.2277545183897018,0,malignant
17337,ISIC_0029849,0.5717440247535706,0.9983493089675904,0.0013393377885222,0.4714576005935669,0.127102255821228,0.0007293000235222,0.0004267859330866,0.1067359521985054,0,malignant
17338,ISIC_0029718,0.5457147359848022,0.4194841086864471,0.0066453432664275,0.1530482321977615,0.0176434610038995,0.0042609628289937,0.0004037687904201,0.4647337794303894,0,malignant
17339,ISIC_0030609,0.009329155087471,0.8227112293243408,0.0008905213908292,0.0834716111421585,0.0029534897767007,0.0029670589137822,0.0001314652763539,0.0498248301446437,0,malignant
17344,ISIC_0025254,0.059619415551424,0.999302625656128,0.0082066468894481,0.4814245104789734,0.0401823297142982,0.0007343289325945,0.0001686330651864,0.000781757000368,0,malignant
17345,ISIC_0029588,0.8616893887519836,0.8082408905029297,0.0220700222998857,0.8723745942115784,0.005906072910875,0.0003573890135157,0.0002717241004575,0.43704354763031,0,malignant
17348,ISIC_0030743,0.3103596866130829,0.9993470907211304,0.0029395513702183,0.031198501586914,0.6768043041229248,0.0057537467218935,0.0105086294934153,0.3774489462375641,0,malignant
17351,ISIC_0067177,0.9997497797012328,0.9342223405838012,0.1046209707856178,0.0087922057136893,0.966459095478058,0.0033763111568987,0.0003168345137964,0.1870516389608383,0,malignant
17353,ISIC_0063838,0.5225983262062073,0.0303051304072141,0.03641177713871,0.0145028531551361,0.0049835164099931,0.0023589639458805,0.0060729729011654,0.0008855819469317,0,malignant
17354,ISIC_0066714,0.0378102026879787,0.1005065515637397,0.0118453931063413,0.4084059000015259,0.0010012027341872,0.0004431482520885,0.000165329533047,0.6564741730690002,0,malignant
17356,ISIC_0025476,0.1569619178771972,0.9993404150009156,0.0052391844801604,0.5508561134338379,0.2189002633094787,0.0010345266200602,0.0106838596984744,0.0711943134665489,0,malignant
17357,ISIC_0026999,0.1153922006487846,0.4817277789115906,0.0026357388123869,0.0539805255830287,0.0216119717806577,0.0043699648231267,0.0006285003037191,0.2144761085510254,0,malignant
17361,ISIC_0063639,0.4307687878608703,0.9727197885513306,0.3162195384502411,0.0996132865548133,0.0433544628322124,0.0120292212814092,0.0008667877991683,0.0165505986660718,0,malignant
17363,ISIC_0031157,0.1856442093849182,0.9902188181877136,0.00326634128578,0.6949006915092468,0.1555983424186706,0.0084887901321053,0.0026732950937002,0.973041296005249,0,malignant
17364,ISIC_0063381,0.0026131449267268,0.9816126227378844,0.0012494951952248,0.0317775346338748,0.0026537484955042,0.0002237639273516,0.0003526614164002,0.0301050879061222,0,malignant
17365,ISIC_0030128,0.0270883627235889,0.9993398189544678,0.0004535505140665,0.1552665680646896,0.014092824421823,0.00165972544346,0.0016941421199589,0.1353569626808166,0,malignant
17366,ISIC_0064956,0.0146431969478726,0.651733934879303,0.0105649260804057,0.9998767971992492,0.0004638657846953,0.0023697325959801,0.0008051157929003,0.0160348955541849,0,malignant
17372,ISIC_0064020,0.0151103353127837,0.9191988110542296,0.0002475375658832,0.8972426652908325,0.0174330230802297,0.0004721940204035,0.0008699893369339,0.0425222031772136,0,malignant
17374,ISIC_0032405,0.2294239252805709,0.403366208076477,0.021498005837202,0.0178306605666875,0.0095337564125657,0.0011947526363655,0.0005564895109273,0.244022935628891,0,malignant
17375,ISIC_0032479,0.0077881175093352,0.99982351064682,0.0078984526917338,0.8661100268363953,0.0964725241065025,0.0001525124098407,0.0004844930081162,0.3109907805919647,0,malignant
17376,ISIC_0024752,0.6938089728355408,0.7571114301681519,0.0058564185164868,0.3121177554130554,0.7041385173797607,0.0008287217933684,0.0006266143172979,1.7203383322339505e-05,0,malignant
17377,ISIC_0060461,0.2026461213827133,0.1000915989279747,0.1159938797354698,0.0059121344238519,0.1096506342291832,0.0165914706885814,0.0003080352908,0.0187982823699712,0,malignant
17379,ISIC_0028959,0.0032677832059562,0.9620893001556396,0.0004946455592289,0.0066520692780613,0.0159253794699907,0.002023133682087,0.0026554877404123,0.0709317252039909,0,malignant
17380,ISIC_0032931,0.3334932029247284,0.1658159792423248,0.0165392123162746,0.0884134322404861,0.1924659609794616,0.0014259458985179,0.0001441804051864,0.0070420666597783,0,malignant
17382,ISIC_0056586,0.7089649438858032,0.9898120164871216,0.0014639804139733,0.2275584042072296,0.2041676491498947,7.944696699269116e-05,0.0041390075348317,0.2896494567394256,0,malignant
17383,ISIC_0057377,0.6285147666931152,0.9961362481117249,0.001014701090753,0.5018401741981506,0.0228545814752578,2.145703365385998e-05,0.0012484090402722,0.3052700161933899,0,malignant
17384,ISIC_0030806,0.6275771260261536,0.0440386347472667,0.1341787129640579,0.1016771793365478,0.0388783663511276,0.0003495280689094,0.0049071158282458,0.810791552066803,0,malignant
17385,ISIC_0031046,0.0014380866196006,0.1432608067989349,0.0003698819200508,0.0865928679704666,0.0671021863818168,0.0002134519309038,0.0001233980001416,0.1144711300730705,0,malignant
17386,ISIC_0025086,0.213193342089653,0.3855978846549988,0.0011759345652535,0.0587658770382404,0.2737350761890411,0.0007428199169225,0.0001641596900299,0.0957356616854667,0,malignant
17387,ISIC_0031716,0.6419568061828613,0.6433841586112976,0.0011511428747326,0.4309685230255127,0.0223072078078985,0.0049340943805873,0.000814645900391,0.0350494869053363,0,malignant
17390,ISIC_0026517,0.034444335848093,0.4581211805343628,0.0004340967279858,0.2915696501731872,0.0045105954632163,0.0011574989184737,0.0004144404956605,0.5307850241661072,0,malignant
17394,ISIC_0057005,0.99995619058609,0.0324285216629505,0.0105390436947345,0.0011678711744025,0.9706167578697203,0.0006481590680778,4.951317578161252e-07,0.0086592584848403,0,malignant
17395,ISIC_0064793,0.966051995754242,0.7159532308578491,0.2819535732269287,0.2105858027935028,0.9199300408363342,0.0953667163848877,0.0013555106706917,0.1430767923593521,0,malignant
17398,ISIC_0025893,0.1051327958703041,0.9945839643478394,0.0002184542245231,0.2618753015995025,0.0101071549579501,6.486506026703864e-05,0.0025308167096227,0.2488890588283538,0,malignant
17400,ISIC_0063969,0.992074728012085,0.0947012230753898,0.0846626833081245,0.4200548231601715,0.8956706523895264,0.0003074393025599,0.0020619197748601,0.0061138845048844,0,malignant
17402,ISIC_0028239,0.495034396648407,0.767048180103302,0.0008932801429182,0.787000298500061,0.0096383336931467,0.0012741853715851,0.00157601328101,0.0850852206349372,0,malignant
17404,ISIC_0026176,0.0559872575104236,0.456049233675003,0.0016782050952315,0.3409588634967804,0.0145443901419639,0.0011815011966973,0.0005233708070591,0.5177691578865051,0,malignant
17406,ISIC_0066326,0.2475471496582031,0.0977691933512687,0.0197020359337329,0.1739616245031356,0.1609220057725906,0.0004123756953049,0.0018406329909339,0.0180601589381694,0,malignant
17407,ISIC_0026597,0.0562160387635231,0.9388680458068848,0.0021819244138896,0.4492377340793609,0.0136018171906471,0.0354404896497726,0.0011433206964284,0.4664523601531982,0,malignant
17408,ISIC_0025593,0.0033055073581635,0.5737533569335938,0.1117226108908653,0.0139683876186609,0.0249999985098838,0.0051136426627635,0.0025147539563477,0.0141433868557214,0,malignant
17411,ISIC_0070216,0.7756695747375488,0.9957023859024048,0.1485442519187927,0.4701090157032013,0.2777939140796661,2.757948823273182e-05,0.0449464470148086,0.0558998771011829,0,malignant
17413,ISIC_0064873,0.1791591048240661,0.9867259860038756,0.159321442246437,0.9011041522026062,0.0215124934911727,0.0008936754893511,0.0003060044546145,0.0296756774187088,0,malignant
17415,ISIC_0057346,0.205083280801773,0.015599493868649,0.2011542171239853,0.2991075217723846,0.0651823729276657,0.0076004010625183,0.0007569268927909,0.0097102941945195,0,malignant
17416,ISIC_0030013,0.3607207238674164,0.9968318939208984,0.0018317549256607,0.2744836211204529,0.0633716657757759,0.0001401344343321,0.0041267983615398,0.220647320151329,0,malignant
17418,ISIC_0027532,0.4133341908454895,0.8863766193389893,0.005029478110373,0.0538945905864238,0.0231934804469347,0.0014770228881388,0.023507559671998,0.2266800999641418,0,malignant
17419,ISIC_0060252,0.9984975457191468,0.6279066205024719,0.0479692853987216,0.0461390353739261,0.9754663109779358,0.0003999334876425,0.0011546490713953,0.0042880643159151,0,malignant
17420,ISIC_0027821,0.0491831749677658,0.9950160384178162,0.0347002781927585,0.3350482881069183,0.0907696709036827,0.0012156134471297,0.000735065434128,0.0031707528978586,0,malignant
17421,ISIC_0026931,0.1419826745986938,0.4941686391830444,0.000452940352261,0.1402646601200103,0.0083962408825755,0.0018312260508537,0.0012680888175964,0.0768362656235694,0,malignant
17422,ISIC_0061628,0.0031567129772156,0.9978890419006348,0.0620787516236305,0.5220778584480286,0.1442628353834152,0.0321286469697952,0.0001417388120898,0.00997054297477,0,malignant
17423,ISIC_0058731,0.9620019793510436,0.6698278784751892,0.4133750200271606,0.0647664368152618,0.9890350103378296,0.0150276683270931,0.0008306120289489,0.0973410606384277,0,malignant
17424,ISIC_0029217,0.0909429639577865,0.0120744947344064,0.0134544260799884,0.495904803276062,0.0138418767601251,0.0004138677613809,0.0010812967084348,0.1302484571933746,0,malignant
17426,ISIC_0032499,0.0983435809612274,0.0365375466644763,0.0260197073221206,0.2552884221076965,0.0137836243957281,0.0086030438542366,0.0045295804738998,0.0550591312348842,0,malignant
17428,ISIC_0066556,0.8417115807533264,0.7660946846008301,0.173379510641098,0.2989877760410309,0.1229627057909965,0.0001966554118553,0.0009070970700122,0.007086410652846,0,malignant
17429,ISIC_0064572,0.0191497262567281,0.9805580377578736,0.0009576002485118,0.0121451485902071,0.045873075723648,6.382563879014924e-05,0.0005657043657265,0.0017902315594255,0,malignant
17430,ISIC_0029863,0.0061548929661512,0.934783935546875,0.000970991095528,0.0773066654801368,0.004634013865143,0.0006461721495725,0.0014284549979493,0.0032152745407074,0,malignant
17431,ISIC_0030944,0.0028678146190941,0.869364321231842,0.000226874180953,0.0977673158049583,0.0835570991039276,0.0004045464447699,0.000225890558795,0.0618464983999729,0,malignant
17433,ISIC_0029896,0.0516299568116664,0.0878770425915718,0.0392939560115337,0.4984365403652191,0.0477949418127536,0.0096401907503604,0.0004009241529274,0.4115858376026153,0,malignant
17434,ISIC_0065457,0.0051646246574819,0.8598169684410095,0.0092082936316728,0.0310458559542894,0.0022677052766084,0.0002234224957646,0.000159020331921,0.0159792173653841,0,malignant
17437,ISIC_0025014,0.1087097153067588,0.9912815690040588,0.0003949282399844,0.2182688564062118,0.2586381137371063,0.0010964343091472,0.0007862907368689,0.9775725603103638,0,malignant
17438,ISIC_0026960,0.1646961271762848,0.9974117875099182,0.0002377359196543,0.0751750916242599,0.0042173331603407,0.0008407969726249,0.0002393908798694,0.0186755135655403,0,malignant
17439,ISIC_0030903,0.4475096762180328,0.9895195960998536,0.07456536591053,0.0395002737641334,0.0026031485758721,0.0017147319158539,0.0026489133015275,0.0033567210193723,0,malignant
17440,ISIC_0029949,0.0561357922852039,0.9942578077316284,0.0006362714339047,0.3760453164577484,0.0379132404923439,0.0069603458978235,0.0004334099648986,0.3714076578617096,0,malignant
17444,ISIC_0029441,0.030554462224245,0.9594107866287231,0.1061890050768852,0.0216963347047567,0.6663554906845093,0.0007694538217037,0.0005939539987593,0.0056533636525273,0,malignant
17445,ISIC_0030153,0.4044390916824341,0.7485572099685669,0.0185161046683788,0.2786735296249389,0.0110930018126964,0.0073816627264022,0.0008661451283842,0.1309960931539535,0,malignant
17446,ISIC_0032330,0.0925971120595932,0.7501983046531677,0.0104073490947484,0.8537706136703491,0.0092609273269772,0.0002486344019416,0.000328927882947,0.341093361377716,0,malignant
17448,ISIC_0028549,0.1586891114711761,0.970790147781372,0.0076661296188831,0.0427678115665912,0.0581736899912357,0.0044675362296402,0.0061525637283921,0.0209861323237419,0,malignant
17449,ISIC_0032896,0.1034741401672363,0.0121778883039951,0.0495627969503402,0.0249993093311786,0.0257307812571525,0.0015030491631478,0.0031865490600466,0.0006999506731517,0,malignant
17450,ISIC_0033075,0.9917022585868835,0.8124792575836182,0.0095236375927925,0.1940913051366806,0.6490010619163513,8.03742150310427e-05,0.0007041525095701,0.03282206133008,0,malignant
17451,ISIC_0024334,0.4643626809120178,0.0222433395683765,0.0038308962248265,0.0493015088140964,0.0103950584307312,0.0013919887132942,0.0015177307650446,0.0375038012862205,0,malignant
17452,ISIC_0029142,0.225835844874382,0.7381818294525146,0.0102522019296884,0.0228851269930601,0.1139363870024681,0.017549404874444,0.0009917268762364,0.0895091816782951,0,malignant
17453,ISIC_0026692,0.0389747209846973,0.9974770545959472,0.0043820790015161,0.1951566338539123,0.0061560203321278,0.0001661771384533,0.0004984079278074,0.2339680790901184,0,malignant
17454,ISIC_0027110,0.0015233625890687,0.9010757207870485,0.0031097801402211,0.3775143325328827,0.0065209413878619,0.0024136488791555,0.0002742727228906,0.5965094566345215,0,malignant
17455,ISIC_0033291,0.1530946642160415,0.9614652395248412,0.0010283580049872,0.1613082438707351,0.0333471484482288,0.0010784660698845,0.000344419007888,0.0365194678306579,0,malignant
17458,ISIC_0029889,0.2393638640642166,0.0197655037045478,0.3438743948936462,0.0188367441296577,0.0489294007420539,0.0001875738817034,0.0223462264984846,0.0462463721632957,0,malignant
17459,ISIC_0071445,0.7788564562797546,0.9882619976997375,0.0097469333559274,0.3041639626026153,0.0466700494289398,0.0006556016160175,0.0013955766335129,0.1918070763349533,0,malignant
17462,ISIC_0034244,0.3585186898708343,0.9989438652992249,0.0119083877652883,0.1333817690610885,0.0300142187625169,0.0001072943850886,0.0002737040340434,0.0126670934259891,0,malignant
17463,ISIC_0032605,0.2714438438415527,0.0059236837550997,0.0241393279284238,0.0325135216116905,0.0247937627136707,7.100894436007366e-05,0.001263053738512,0.0050450493581593,0,malignant
17464,ISIC_0064084,0.0273391976952552,0.7215177416801453,0.0013451817212626,0.6879738569259644,0.0049225622788071,0.0009616711759008,0.0005001983372494,0.000590021489188,0,malignant
17465,ISIC_0062917,0.2626672685146332,0.998383104801178,0.0049005732871592,0.0353591069579124,0.1046307832002639,0.0002842252433765,0.0183226391673088,0.6867661476135254,0,malignant
17467,ISIC_0030871,0.5479166507720947,0.7987927198410034,0.020564267411828,0.9440178871154784,0.0870500355958938,0.004176172427833,0.0206558424979448,0.0015843608416616,0,malignant
17468,ISIC_0066925,0.0098876385018229,0.0414487607777118,0.0046489043161273,0.981243371963501,0.0058441967703402,0.0031133804004639,0.0003202137013431,0.0052090696990489,0,malignant
17469,ISIC_0058027,0.0036190780811011,0.9844568371772766,0.0664267316460609,0.01311797183007,0.0464793965220451,0.0083898743614554,0.0012386596063151,0.0002653249830473,0,malignant
17470,ISIC_0028297,0.004137382376939,0.1264957785606384,0.0002293594588991,0.5982794761657715,0.1559362858533859,0.000506255950313,0.0001229510671691,0.250495046377182,0,malignant
17472,ISIC_0025340,0.023583834990859,0.9988702535629272,0.0003252705500926,0.0199900772422552,0.0868104398250579,0.0001909621205413,0.0002638098958414,0.0048556514084339,0,malignant
17473,ISIC_0026797,0.140104204416275,0.9439972043037416,0.0164340417832136,0.4847204685211181,0.0266442820429801,0.0002365912368986,0.0009389935294166,0.2529670596122741,0,malignant
17474,ISIC_0025722,0.1849782764911651,0.9910417199134828,0.0003019177238456,0.6008057594299316,0.113863319158554,0.0018867040053009,0.0003322272095829,0.6193338632583618,0,malignant
17475,ISIC_0030461,0.222163587808609,0.9983165860176086,0.0005260534817352,0.2851535081863403,0.009393822401762,0.003586288774386,0.0008289057295769,0.1746446788311004,0,malignant
17477,ISIC_0027051,0.1660723686218261,0.1217726543545723,0.0006428965716622,0.1121971011161804,0.3060493767261505,0.0009173052967526,0.000231487545534,0.0516418777406215,0,malignant
17479,ISIC_0031600,0.1056425124406814,0.9831802248954772,0.0941115543246269,0.5216819643974304,0.0402947664260864,8.326928218593821e-05,0.0003489639493636,0.8178033232688904,0,malignant
17480,ISIC_0027705,0.9864080548286438,0.7503682971000671,0.0216331835836172,0.0089963180944323,0.0169032905250787,0.0053585930727422,0.0037238753866404,0.0428261570632457,0,malignant
17481,ISIC_0025460,0.2277650684118271,0.8080525994300842,0.0231143925338983,0.3366440534591675,0.0065526571124792,0.0032440342474728,0.0006542749470099,0.2925584614276886,0,malignant
17483,ISIC_0029807,0.7132489085197449,0.991221010684967,0.0567867755889892,0.0178509578108787,0.0786272659897804,0.0225858092308044,0.0006166855455376,0.6506732106208801,0,malignant
17484,ISIC_0072236,0.0122858379036188,0.0473524332046508,0.0111454548314213,0.2198574841022491,0.0152612468227744,0.0056818411685526,0.001465112902224,0.0122208725661039,0,malignant
17485,ISIC_0060085,0.9999902248382568,0.8566111922264099,0.0793101489543914,0.0002693481801543,0.9679559469223022,0.0018245658138766,9.599691111361608e-05,0.0150213921442627,0,malignant
17487,ISIC_0024578,0.425474464893341,0.1847074925899505,0.0237592346966266,0.03014094568789,0.002627860289067,0.0002068526664515,0.0002042863925453,0.1614255011081695,0,malignant
17490,ISIC_0027583,0.0663924291729927,0.0419195406138896,0.0563632361590862,0.177776351571083,0.0082072438672184,0.0017740039620548,0.0032159395050257,0.0244594626128673,0,malignant
17491,ISIC_0028450,0.1279812306165695,0.0115650109946727,0.0856493785977363,0.0050840275362133,0.0553594604134559,0.0069149457849562,0.005907776299864,0.316801369190216,0,malignant
17492,ISIC_0031438,0.0931476578116417,0.9985297322273254,0.0001320963783655,0.5471122860908508,0.0213716309517622,0.0010217514354735,0.0004961767699569,0.8162373304367065,0,malignant
17493,ISIC_0032374,0.329004555940628,0.1438654363155365,0.0139595521613955,0.8461524248123169,0.0371479354798793,0.00035530878813,0.0006448639906011,0.081007570028305,0,malignant
17494,ISIC_0054019,1.0,0.0366047322750091,0.2225111573934555,0.0003654951287899,0.97395521402359,0.0004326320486143,0.0002033855271292,0.0228243023157119,0,malignant
17497,ISIC_0028714,0.4641911685466766,0.0702448934316635,0.3056541383266449,0.0249207429587841,0.1148759052157402,0.007136664353311,0.0020445706322789,0.6185593605041504,0,malignant
17499,ISIC_0029479,0.0171035435050725,0.3065269589424133,0.0020210430957376,0.9630480408668518,0.0033992039971053,0.000935275806114,0.0002382000675424,0.2436410784721374,0,malignant
17500,ISIC_0065355,0.8727201223373413,0.999939739704132,0.0011245745699852,0.1798277348279953,0.4976975917816162,0.0002234937855973,0.0013325751060619,0.0231155212968587,0,malignant
